{"epcsh": 100, "loss": 0.159336119890213, "acc": 98.0, "_timestamp": 1711479411.1778865, "_runtime": 603.8347275257111, "_step": 99}